customer_type	email	phone	street	city	state	postal	biz_tax_id	biz_name	biz_contact_first	biz_contact_last	biz_contact_title	person_ssn	person_first	person_last
person	rworlds@konmatfix.com	6579118681	4843 7-street	Lubbock	CA	31465						856152797	Lavera	Kardas	
person	vshin@lexiqvolax.com	6448386503	5239 15-street	Richmond	CA	72860						526558813	Charlene	Jayson	
person	sskursky@iselectrics.com	6270771251	8708 10-street	Honolulu	CO	30192						472719178	Jamal	Bayless	
person	gsteier@finjob.com	3730019294	1421 11-street	Norfolk	NC	66954						067561591	Denise	Bowley	
person	jfern@sonron.com	1587256939	3137 15-street	Richmond	CA	57149						207200160	Tegan	Zepp	
business		6190109014	2415 18-street	Gilbert	LA	74974	91-1547193	Kan-code	Willard	Tawil	Associate Fellow M6				
person	gbreland@streethex.com	1139561688	6886 10-street	Atlanta	CO	89397						822640879	Sharika	Sarao	
person	skusko@dalttechnology.com	6540193306	8627 7-street	Boston	TN	40485						738035265	Cecil	Perin	
business	sdorshorst@ganjaflex.com	2794825001	8279 13-street	Miami	CA	29783	36-2292810	Hottechi	Earleen	Walthall	Senior Manager R8				
person	lkeetch@xx-holding.com	1576885517	6952 2-street	Reno	VA	20773						860279746	Georgene	Steffensmeier	
business	kvonasek@plexzap.com	0853292733	91 13-street	Pittsburgh	AK	27586	21-4734723	Plusstrip	Sharika	Pinilla	Senior Director M6				
person	nstockham@nam-zim.com	3401234612	7403 13-street	Madison	TX	39574						057287433	Merissa	Slayton	
person	flindall@plexzap.com	2263456836	1985 21-street	Buffalo	NJ	33733						366476978	Layla	Nachor	
business	jwolfgramm@stanredtax.com	9963892110	5907 1-street	Boise City	VA	79053	06-8505211	Ron-tech	Vi	Eroman	Scientist M5				
person	fyglesias@year-job.com	3155360702	449 2-street	New York	NY	48867						304363016	Jettie	Kohnert	
person	aglick@domzoom.com	8974132339	1193 5-street	Sacramento	CA	00333						113989044	Katina	Pontoriero	
person	ckeener@blackzim.com	7277234312	2447 19-street	Dallas	TX	65001						165324829	Olive	Dinos	
person	llukasik@rantouch.com	0236701551	6931 10-street	New Orleans	CA	33395						114496235	Venita	Baltimore	
person	wberray@kan-code.com	4378250130	2235 2-street	Riverside	TX	36485						445469254	Sharika	Vanausdal	
person		2674628068	5415 9-street	Irving	AZ	12492						998974563	Kristofer	Bookamer	
business	lsarao@iselectrics.com	2907091982	8318 12-street	Plano	NV	87448	29-7932365	Finjob	Jamal	Brideau	Associate Fellow R1				
person	sbirkner@openlane.com	8718373978	3962 7-street	Chandler	TX	54431						579484678	Kimbery	Paskin	
person	hcetta@dambase.com	4926579260	9470 10-street	Scottsdale	NV	63641						759290409	Lucy	Delasancha	
person		5308215593	763 5-street	Las Vegas	WI	31270						106718545	Mollie	Koppinger	
person	lpalaia@openlane.com	5121620685	8177 14-street	Lexington-Fayette	PA	39785						379751710	Shonda	Nachor	
business	rcoody@inity.com	2434051046	8028 7-street	Garland	FL	35863	72-4659020	J-Texon	Delmy	Silvestrini	Senior Director R6				
person		2100065151	5863 7-street	Portland	NV	20467						034362607	Simona	Castros	
person	mwardrip@hottechi.com	3287360384	1274 12-street	Reno	VA	52764						395812025	Thaddeus	Lary	
person	tloader@hatfan.com	1576004800	9156 3-street	Tucson	CA	74027						499684568	Jina	Ankeny	
person	dpawlowicz@sunnamplex.com	2870557698	5880 16-street	Boise City	VA	87404						628832522	Daniel	Gellinger	
person	amonterrubio@donware.com	1694936389	5489 3-street	Omaha	NC	70699						313246638	Ceola	Lietz	
person	preiber@zencorporation.com	1546520632	1266 16-street	Louisville/Jefferson County	OR	38206						575967884	France	Chavous	
person	gkiel@plussunin.com	1319459028	805 10-street	Newark	TX	75404						287742980	Thurman	Maile	
person	ssergi@y-corporation.com	1484365822	4230 11-street	Lincoln	NY	51097						832718521	Sharee	Shadrick	
person	egesick@betasoloin.com	1834449636	3808 21-street	Fort Worth	TX	51811						811813729	Kate	Waymire	
person	chellickson@silis.com	7274207719	261 5-street	Toledo	NC	05501						045285165	Georgene	Morocco	
business	hankeny@bioplex.com	1845273856	7661 1-street	Newark	TX	07789	74-5457829	Cancity	Ty	Lacovara	Scientist M7				
person	rrodeigues@hottechi.com	1341494412	1812 1-street	Long Beach	MO	01534						054035983	Lonny	Malet	
person	lparlato@sunnamplex.com	9637075241	449 15-street	Boise City	VA	05276						161600194	Lettie	Rim	
person	lnicka@opentech.com	8382292059	9635 3-street	Minneapolis	OK	51955						594978611	Deeanna	Butt	
person	vmcrae@finhigh.com	0949054112	7242 16-street	Chula Vista	IN	46808						623634867	Lisha	Kolmetz	
person	thagele@codehow.com	6589053724	5018 2-street	Detroit	MI	93104						505935683	Pamella	Meisel	
person	auyetake@xx-zobam.com	1494032044	7046 17-street	Cleveland	KS	49236						124211511	Cordelia	Pinilla	
person	beroman@dalttechnology.com	6570035774	2245 16-street	Boston	TN	34360						958387355	Loreta	Hoffis	
business	efelger@doncon.com	5950250546	6754 5-street	Riverside	TX	34925	25-9301749	Codehow	James	Zepp	Senior Scientist M8				
person	lkeetch@yearin.com	3786740289	8545 5-street	San Antonio	TX	21716						779636675	Kirk	Vizarro	
business	bcomnick@isdom.com	1861357961	1405 11-street	Oklahoma City	KY	01463	71-0834705	Donware	Taryn	Samara	Associate Director L4				
person	wkarpel@stanredtax.com	2611586514	9231 15-street	Santa Ana	MO	99806						631092260	Roxane	Saylors	
business	atomasulo@finhigh.com	3854833102	7036 11-street	Gilbert	LA	34496	28-8467164	Gogozoom	Quentin	Suffield	Fellow M5				
person	slukasik@ron-tech.com	6839006968	5669 3-street	North Las Vegas	CA	80318						837336132	Lettie	Liukko	
person	cvenere@zencorporation.com	0856397002	9451 5-street	Louisville/Jefferson County	OR	43614						265555004	Gary	Gellinger	
person	ebaltimore@toughzap.com	3548233165	6779 10-street	Santa Ana	MO	62491						069880470	Viola	Rowling	
person	dkitzman@dambase.com	1435527973	6307 4-street	San Diego	CA	56336						970763201	Art	Garufi	
person	asayaphon@zencorporation.com	3744594543	605 2-street	St. Louis	CA	86199						389895757	Jerry	Ketelsen	
person	wchickering@scottech.com	6272787768	5230 12-street	Glendale	TX	24936						320036149	Scarlet	Perruzza	
person	drentfro@betatech.com	7520035179	6465 4-street	New Orleans	CA	44777						567152735	Veronika	Cantres	
person	awaymire@scottech.com	2247917695	8331 6-street	Richmond	CA	35450						770241172	Jennie	Glick	
person	bnicolozakes@fasehatice.com	4168365112	8870 10-street	Wichita	TX	04345						102270141	Joanna	Plumer	
person	dnicka@finhigh.com	9135148725	6883 6-street	Charlotte	NC	10507						003604289	Jennie	Schnitzler	
business	fheintzman@toughzap.com	1958878383	8867 4-street	Newark	TX	12091	96-4836555	Kan-code	Tawna	Layous	Scientist R3				
person	mjeanty@bioplex.com	1987809832	3377 19-street	El Paso	TX	39621						675015658	Aja	Schnitzler	
business	jandreason@streethex.com	6395950150	9236 9-street	Minneapolis	OK	07347	15-7059236	Domzoom	Jennifer	Steffensmeier	Manager L2				
business	sspickerman@dontechi.com	3839514016	3004 10-street	Madison	TX	33834	41-5804445	Fasehatice	Wilda	Hagele	Associate Director L1				
person	jfredicks@newex.com	6482485782	9644 12-street	Norfolk	NC	43192						887845857	Earleen	Meinerding	
business	lberray@konex.com	1139866431	1832 4-street	Winston-Salem	AZ	71627	90-7498092	Groovestreet	Junita	Nicolozakes	Executive Manager L3				
person	tbutzen@zumgoity.com	4246542260	8542 2-street	Sacramento	CA	61300						754296432	Cristy	Caiafa	
person	tkampa@labdrill.com	2483605131	8808 16-street	Tampa	HI	47335						575697916	Carey	Menter	
person	mwaymire@betatech.com	5470919242	105 12-street	Dallas	TX	91881						437076551	Veronika	Bachman	
business	kgwalthney@gogozoom.com	4321084157	669 6-street	Newark	TX	67383	78-2005220	Rundofase	Luisa	Motley	Director M7				
person	ltjepkema@silis.com	7367009360	7647 14-street	Laredo	VA	84120						086729883	Natalie	Andreason	
person	jsteffensmeier@kinnamplus.com	0935995708	8803 20-street	Virginia Beach	GA	47542						071312763	Solange	Plumer	
business	gstenseth@plusstrip.com	6522049505	4425 18-street	Detroit	MI	41261	66-4290658	Cancity	Eden	Klusman	Manager R9				
person	jmaynerich@scotfind.com	8528675684	6691 20-street	Philadelphia	PA	30080						705835282	Trinidad	Schmaltz	
person	dmugnolo@ganjaflex.com	8139875358	5908 10-street	Lubbock	CA	07927						413456834	Jesusa	Paprocki	
business	jdegonia@sonron.com	1233454256	608 6-street	Las Vegas	WI	71820	39-5236833	Doncon	Belen	Labreche	SalesRep L4				
person	fmastella@newex.com	7811210019	3352 4-street	North Las Vegas	CA	12138						888163974	Marguerita	Juvera	
person	vvonasek@conecom.com	8579380986	6639 4-street	Tampa	HI	74695						921747121	Lucy	Mcdoniel	
person		7377724970	9922 11-street	Miami	CA	18626						009553827	Lucina	Chickering	
person	pmcdoniel@zotware.com	7600542703	4345 5-street	Chandler	TX	63630						999804645	Taryn	Riden	
business	kventura@blackzim.com	9737232999	3580 3-street	Irvine	NC	56389	26-2580786	Treequote	Justine	Jeanty	Senior Director R4				
person	cfarrow@rantouch.com	8172030608	1879 6-street	Santa Ana	MO	02309						038045500	Sharen	Shinko	
person	tpagliuca@bioplex.com	1356437490	388 11-street	Corpus Christi	KY	05198						407340644	Kenneth	Scipione	
business	jduenas@bioholding.com	9276455461	766 14-street	San Francisco	CA	73028	49-8387551	Cancity	Tammara	Goldammer	Fellow L2				
person	rlimmel@donquadtech.com	1886590067	1889 7-street	Norfolk	NC	44038						923198492	Alease	Keetch	
person	avillanueva@rangreen.com	1260003513	9772 14-street	Minneapolis	OK	34784						245306752	Eun	Layous	
person	bpedrozo@streethex.com	1790767374	38 1-street	Detroit	MI	26723						102844434	Galen	Bartolet	
person	fdinos@ontomedia.com	9440396140	753 12-street	Wichita	TX	56783						651772352	Adell	Wolny	
business	crim@streethex.com	6380607108	5412 17-street	Albuquerque	AZ	00184	79-5119692	Xx-zobam	Ilene	Mcnease	Fellow M7				
person	vgabisi@funholding.com	3599306117	4093 6-street	Lubbock	CA	36964						599886321	Valentin	Lace	
person		1950701794	758 18-street	Denver	CO	13840						841544478	Glory	Gehrett	
person	pcentini@streethex.com	1574500263	185 7-street	Albuquerque	AZ	84612						458722087	Beckie	Munns	
person	lgobern@groovestreet.com	9107967899	4700 3-street	Long Beach	MO	33960						345988925	Tawna	Loder	
person	llary@conecom.com	6374042376	5223 6-street	New Orleans	CA	67882						767774359	Daniela	Lawler	
person	gaquas@xx-holding.com	1991248900	1503 11-street	Los Angeles	CA	72198						267471060	Myra	Amyot	
person	tlukasik@isdom.com	9273891544	5516 2-street	Cincinnati	MN	87586						853004996	Carmen	Gillaspie	
person	ctegarden@konex.com	8408996705	758 7-street	Dallas	TX	46796						018813678	Cassi	Asar	
person	jgreenbush@hottechi.com	4263686407	8977 4-street	Durham	WI	11477						605255326	Belen	Mirafuentes	
person	ameisel@hottechi.com	0439771147	5736 5-street	Buffalo	NJ	14071						575751736	Johnetta	Louissant	
business		8693670594	7669 18-street	Minneapolis	OK	75913	84-9674424	year-job	Dulce	Sweigard	Associate Manager M9				
person	jmeinerding@singletechno.com	2505683586	6106 19-street	Wichita	TX	03511						015370748	Alishia	Swayze	
person	nagramonte@ontomedia.com	1914452667	9869 3-street	Pittsburgh	AK	14541						258018576	Glen	Callaro	
person	rsteffensmeier@yearin.com	6348883172	884 21-street	Memphis	TN	36819						636710459	Trinidad	Raymo	
business	crodeigues@zencorporation.com	1116539936	7560 10-street	Austin	TX	64493	33-5130589	Green-Plus	Moon	Restrepo	Associate Fellow M8				
person	stolfree@plexzap.com	5624878584	4751 16-street	Minneapolis	OK	91617						374073318	Karan	Auffrey	
person	rjayson@j-texon.com	6973641441	4222 2-street	Philadelphia	PA	42123						870969139	Xochitl	Haufler	
person	bhochard@opentech.com	6902200199	8634 5-street	Pittsburgh	AK	30361						120721705	Larae	Stuer	
person	dbirkner@sumace.com	9896318471	8258 8-street	Honolulu	CO	26307						974539916	Ty	Klusman	
person	rvocelka@year-job.com	0644944232	5770 7-street	Kansas City	AZ	82839						948800760	Karl	Malvin	
person	sbruschke@condax.com	1981396557	8003 15-street	Phoenix	AZ	85360						984173706	Antione	Cartan	
person	cpagliuca@rundofase.com	7269922920	9491 15-street	St. Louis	CA	90336						183424694	Fausto	Restrepo	
person	lswayze@toughzap.com	9813683049	5306 19-street	Seattle	WA	84469						990310176	Cory	Upthegrove	
person	vgillaspie@doncon.com	9790019822	9569 7-street	Sacramento	CA	68554						704063252	Andra	Farrow	
business	fbenimadho@donware.com	9968526051	5742 13-street	Raleigh	FL	65550	70-9793936	Donware	Roslyn	Palaspas	Scientist L4				
person	aklimek@konmatfix.com	0241447419	8287 19-street	Henderson	NE	84285						636057650	Valentin	Saulter	
person	dwenner@mathtouch.com	5743875975	9251 14-street	Stockton	OH	26329						793767722	Roosevelt	Sama	
person		9318183486	3470 20-street	Kansas City	AZ	83576						046027423	Lucy	Ruta	
person	bglick@kan-code.com	0998558175	8525 14-street	Reno	VA	05062						163713671	Nana	Hoffis	
person	skownacki@zencorporation.com	6995542491	4280 17-street	Riverside	TX	87167						066821418	Lai	Louissant	
business	tnievas@zumgoity.com	2777088996	6544 5-street	San Jose	CA	54737	74-9463704	Rangreen	Mattie	Layous	Scientist L2				
person	jscheyer@dontechi.com	7931825995	2433 16-street	Orlando	FL	15056						245644421	Janine	Calvaresi	
business		9987460510	1665 8-street	Seattle	WA	15477	42-1408737	Betasoloin	Mitzie	Stuer	Scientist L3				
person	myaw@ron-tech.com	3693463624	6413 5-street	Irvine	NC	63857						890097344	Lashandra	Shire	
person	fwrinkles@ganjaflex.com	4224877727	5468 15-street	Tampa	HI	52188						154296138	Ruthann	Smith	
person	rbutt@isdom.com	4764309295	7197 20-street	Kansas City	AZ	85601						654675987	Thurman	Nestle	
person	rmelnyk@betatech.com	8701354994	2463 15-street	Garland	FL	41692						617846443	Glenna	Cetta	
person	spaskin@j-texon.com	6539683163	1223 8-street	Austin	TX	54984						316040971	Lezlie	Berganza	
person	isaulter@rangreen.com	8721246786	2491 16-street	Madison	TX	29559						618075000	Rickie	Stimmel	
person	llizama@doncon.com	4133263246	8662 12-street	Houston	TX	96678						926580668	Becky	Bitsuie	
person	jiturbide@y-corporation.com	7675719576	4171 13-street	Colorado Springs	NE	73272						477487143	Lonna	Labreche	
person	lvarriano@j-texon.com	8842534944	8878 14-street	Louisville/Jefferson County	OR	09901						133952097	Alishia	Villanueva	
person	lborgman@xx-zobam.com	8178469647	36 9-street	Garland	FL	66963						330219073	Lorrine	Mallett	
person	gfillingim@zencorporation.com	6788683629	30 10-street	Chicago	IL	94979						459230738	Shenika	Frankel	
person	slipke@warephase.com	2635324387	9416 21-street	Houston	TX	42226						708787120	Salome	Pinilla	
person	sbreland@sunnamplex.com	6811265734	9061 12-street	Portland	NV	03895						329699896	Glory	Oldroyd	
person	jkohl@inity.com	3610317162	9925 9-street	Honolulu	CO	41791						592787851	Christiane	Bitsuie	
person	ndhamer@sonron.com	0780286668	4558 12-street	Tampa	HI	43319						737467507	Viva	Stimmel	
person	svillanueva@yearin.com	8154576339	3626 20-street	Philadelphia	PA	82575						626713653	Jerry	Denooyer	
business	rschirpke@ron-tech.com	3710488678	3682 21-street	Orlando	FL	96166	16-9937771	Sumace	Jolene	Lipkin	Director M4				
business	rnabours@conecom.com	4188887033	4673 12-street	Tampa	HI	36552	17-6541203	Nam-zim	Alisha	Reitler	Senior Director R9				
person	hwide@condax.com	4443742948	8230 3-street	Phoenix	AZ	51842						433383100	Erick	Jurney	
person	agalam@opentech.com	1772448982	4838 4-street	Louisville/Jefferson County	OR	04898						016043927	Erick	Rodeigues	
person	jcetta@xx-zobam.com	1137520469	3036 10-street	Dallas	TX	31533						278517177	Janine	Hoffis	
person	cgillian@golddex.com	1612725336	3689 1-street	Houston	TX	32091						755004836	Vilma	Schmierer	
business	sdewar@sumace.com	4378905635	6002 15-street	St. Louis	CA	87770	52-2277642	Goodsilron	Alesia	Kusko	Fellow M1				
person		4272152863	1278 18-street	Kansas City	AZ	30996						093940195	Lezlie	Worlds	
person	czane@konex.com	0190706910	4037 3-street	New York	NY	51458						158597792	Arminda	Hamilton	
person	nlueckenbach@sumace.com	2146415186	2562 4-street	Oakland	MN	61518						142009191	Cristal	Samara	
person	mkonopacki@ganjaflex.com	5650560364	6662 21-street	North Las Vegas	CA	29217						991726229	Jettie	Borgman	
person	bhaufler@sumace.com	5641667036	6161 2-street	Chula Vista	IN	63824						676879655	Mariann	Kiel	
business	ekusko@xx-holding.com	9754034113	1827 5-street	Lubbock	CA	51768	19-7723743	Zotware	Tammara	Nicolozakes	Associate Fellow M7				
person	ppawlowicz@statholdings.com	0143694102	6941 3-street	Atlanta	CO	30311						123587021	Marguerita	Hauenstein	
person	ffillingim@zumgoity.com	7503616673	7500 12-street	Boise City	VA	50592						455741327	Stephen	Greenbush	
person	etolfree@plusstrip.com	5929669000	8362 7-street	Tucson	CA	02317						995570863	Harrison	Caiafa	
business	jruta@groovestreet.com	2163739440	9820 17-street	Lincoln	NY	74314	50-3694511	Codehow	Justine	Dilello	Senior Scientist L4				
person	hmccullan@groovestreet.com	6762449927	2416 21-street	Bakersfield	FL	16848						520448132	Garry	Rantanen	
person	cbayless@zathunicon.com	1674429758	7030 1-street	Minneapolis	OK	58329						957736062	Shawnda	Ryser	
person		1494159829	1713 18-street	Mesa	VA	51368						231805140	Tasia	Estell	
business	hscheyer@dalttechnology.com	1395927531	5553 19-street	Greensboro	NJ	90430	54-0450340	Bioplex	Lizbeth	Gesick	Manager R1				
person	kmauson@treequote.com	9899095774	4616 15-street	Honolulu	CO	12857						296814584	Francine	Tegarden	
person	tboord@statholdings.com	4297042929	9923 21-street	Chesapeake	AZ	93164						356797231	Blondell	Lungren	
person	csteier@bioplex.com	1161170878	5123 4-street	Anchorage	CA	37861						428941013	Joseph	Scheyer	
person	wlinahan@scottech.com	7761271352	6481 11-street	Irvine	NC	71077						282876123	Clay	Dorshorst	
person		4332324992	6073 8-street	Oklahoma City	KY	60930						694628160	Virgie	Claucherty	
person	bchui@xx-holding.com	6504586719	4216 21-street	Minneapolis	OK	83104						622135209	Gail	Paprocki	
person	vketelsen@green-plus.com	1638682499	4036 10-street	Reno	VA	90458						596463500	Alishia	Kippley	
person	edorshorst@stanredtax.com	2883446275	5882 11-street	Miami	CA	84703						753604797	Stephaine	Demesa	
person	sfortino@silis.com	2559706793	4829 6-street	Plano	NV	22400						413945921	Ressie	Gwalthney	
person	apatak@y-corporation.com	7235714367	8049 15-street	Fremont	ID	98283						104732900	Ronny	Wenner	
person	dlawler@openlane.com	9173747946	4252 6-street	Jersey City	CA	31844						298384247	Merissa	Sayaphon	
business	mwolfgramm@green-plus.com	7841411346	1662 19-street	Boise City	VA	66268	45-3401741	Gogozoom	Nu	Luczki	Associate Fellow L4				
person	fmontezuma@conecom.com	2684603394	8118 6-street	San Jose	CA	52083						455775907	Melodie	Varriano	
person	hrantanen@j-texon.com	3899071241	9153 8-street	Gilbert	LA	33943						786458224	Garry	Hagele	
person	jarceo@isdom.com	9299111469	4296 7-street	Wichita	TX	51254						940496636	Fausto	Perez	
person	rrhymes@plusstrip.com	8782033746	6672 1-street	St. Louis	CA	80994						313577507	Weldon	Paulas	
person	jboulter@zencorporation.com	4387163249	6286 7-street	Honolulu	CO	45006						104689314	Tiera	Rochin	
person	gdallen@golddex.com	1516746100	7819 4-street	Nashville-Davidson	MD	91774						085133303	Reena	Diestel	
person	lhudnall@rangreen.com	3984022025	617 6-street	Baltimore	OK	44778						517499263	Carlee	Munis	
business	wgleich@statholdings.com	1979186269	8338 21-street	Atlanta	CO	28309	17-7252417	Treequote	Lashandra	Kolmetz	Manager M4				
person	evanheusen@scottech.com	0984918769	9523 1-street	Portland	NV	93636						013164892	Larae	Meteer	
person	brodefer@domzoom.com	7740098026	5469 1-street	Oakland	MN	65650						110533013	Daniela	Sarao	
business	lrestrepo@silis.com	3794297785	8362 20-street	Portland	NV	04463	89-6612313	Ganjaflex	Rodolfo	Scheyer	Senior Manager R7				
person	edopico@kan-code.com	0980115361	3685 19-street	Santa Ana	MO	75125						330550193	Dalene	Birkner	
person	oferencz@toughzap.com	2380906075	2620 17-street	Las Vegas	WI	11779						773845283	Dulce	Burnard	
person	blipkin@singletechno.com	4420398851	6970 18-street	Plano	NV	47980						309764557	Jamal	Mcrae	
person	tmaile@bioholding.com	9895724647	5782 16-street	St. Louis	CA	16975						051987519	Cordelia	Wide	
person	fdewar@hatfan.com	0270870065	4918 18-street	Jacksonville	FL	48180						734904916	Kristofer	Sweigard	
person	mscheyer@fasehatice.com	1673776755	5406 9-street	Jacksonville	FL	16392						344705705	Mitsue	Scheyer	
person		8935175044	7088 13-street	El Paso	TX	71703						810084525	Devorah	Papasergi	
business	wtjepkema@fasehatice.com	2207378277	1943 13-street	Gilbert	LA	59140	28-0102355	Statholdings	Eladia	Mconnell	Senior Manager L3				
person	atollner@finjob.com	1685067896	5320 11-street	Baton Rouge	TX	99628						770157460	Raymon	Ehmann	
person	tcousey@domzoom.com	1191082620	7902 7-street	Chandler	TX	59142						562942223	Lucina	Paa	
business	aweirather@plexzap.com	1242370048	2529 16-street	San Francisco	CA	38683	83-2744154	Cancity	Dyan	Waymire	Associate Director L3				
person	wupthegrove@conecom.com	3599613990	8518 9-street	St. Louis	CA	43215						602353949	Shawnda	Vinning	
person	ssimilton@doncon.com	5982687257	4061 5-street	Boston	TN	72464						583230740	Ernest	Shields	
person	jrochin@codehow.com	2757914074	6377 8-street	Fort Wayne	FL	15501						509845808	Josephine	Delasancha	
business	mcanlas@hatfan.com	1465505566	7552 13-street	Glendale	TX	05225	36-8698992	Y-corporation	Rolande	Vocelka	Scientist M6				
person	nvenere@sonron.com	2999717025	4568 2-street	Jersey City	CA	67290						913508448	Albina	Paa	
person	nvanheusen@gogozoom.com	6214317900	482 5-street	Omaha	NC	52190						815705661	Truman	Cetta	
person	dschemmer@doncon.com	6933196812	2000 12-street	Chula Vista	IN	16261						241076456	Lauran	Wieser	
person	kstem@mathtouch.com	3555113620	258 3-street	Reno	VA	09381						544995534	Joanna	Hagele	
