VIN	model_name	year	notes	manufacturer_name	condition	vehicle_type	horsepower	fuel_type	drivetrain	colors	purchase_date	purchase_price	purchased_from_customer	acq_spec	sale_date	sold_to_customer	salesperson
07JPETSN4PC498833	SPYDER	2003		Maserati	Excellent	Minivan	206	Gas	AWD	Orange	2023-03-14	2235.83	28-8467164	user23	2023-06-23	567152735	user24	
087A6BFATOR453440	ROADSTER	2008	broad wheelbase; 	Tesla	Good	Other	138	Gas	RWD	Orange	2022-07-31	7486.78	120721705	user23				
08E1DI1NS6C115243	ELDORADO	2002	check the Monroney sticker - theer is nothing better than this vehicle; 	Cadillac	Very Good	Truck	281	Plugin Hybrid	AWD	Rust	2023-08-11	4479.90	459230738	user08				
0C6AL84V5KK246421	FORESTER	2002	supernew catalytic converter; 	Subaru	Fair	SUV	394	Gas	AWD	Aluminum,Purple	2023-04-12	1391.03	999804645	user13	2023-05-19	39-5236833	user15	
0FEWQI4E337838228	CAYMAN	2014	normally aspirated; 	Porsche	Very Good	Sedan	100	Battery	FWD	Purple	2022-09-20	8728.45	990310176	user10	2023-01-27	437076551	user15	
0H7KF2IDNJB306062	PLATINA	2007	high quality carburetor; 	Nissan	Excellent	Coupe	327	Gas	AWD	Gold,Metallic,Rose	2023-07-23	5678.56	575967884	user05				
0HHX3SZUYRV656930	IS350	2009	sturdy side impact beams; 	Lexus	Excellent	Convertible	161	Gas	4WD	Red	2022-12-26	14692.46	265555004	user02	2023-08-16	459230738	user20	
0JES2I2HOUR283757	BOXSTER	2006	modern dashboard; 	Porsche	Fair	Minivan	227	Gas	4WD	Pink	2022-10-13	3547.85	17-7252417	user02	2023-01-24	754296432	user20	
0KOHAMIDMJB280989	CL65 AMG	2009		Mercedes-Benz	Fair	SUV	325	Gas	RWD	Navy	2022-07-09	4562.08	003604289	user08	2023-01-08	520448132	owner	
0UIMMUNTR5I513788	650I XDRIVE GRAN COUPE	2013	check the Monroney sticker - theer is nothing better than this vehicle; ultra new transmission; fuel injection; 	BMW	Good	Convertible	157	Gas	AWD	Rose	2022-10-04	4781.32	356797231	user10	2023-04-14	329699896	user03	
0UYY0K0I7AV893107	C70	2008	check the Monroney sticker - theer is nothing better than this vehicle; disc brake; 	Volvo	Rough	SUV	289	Gas	RWD	Rust	2022-09-03	7857.01	860279746	user10				
18N5235MVU2622530	ML55 AMG	2003	sturdy rear axle assembly; 	Mercedes-Benz	Very Good	Convertible	168	Gas	RWD	Gray	2022-09-29	5506.59	28-0102355	user02	2023-08-06	583230740	user24	
1ETPS3NMAFH513622	CSX	2009		Acura	Fair	Convertible	158	Plugin Hybrid	4WD	Beige	2023-01-02	5196.19	085133303	user23				
1LCIYKT5JRA475172	MKT	2015	modern dashboard; hatchback; 	Lincoln	Good	Convertible	190	Fuel Cell	RWD	Orange,Purple	2023-06-24	16764.54	860279746	owner	2023-08-24	737467507	user20	
1REUJOXJD2T955464	TRACKER	2003	pickup; 	Chevrolet	Fair	Coupe	285	Gas	4WD	Rust	2022-09-09	3001.77	16-9937771	user12	2023-03-14	921747121	user21	
1TZ3DF2UJTA190431	XF	2011		Jaguar	Rough	SUV	426	Plugin Hybrid	4WD	Maroon	2023-01-25	4704.84	526558813	user22	2023-04-04	562942223	user03	
1VBYHU34ACA814687	QX50	2015	pickup; 	INFINITI	Excellent	Coupe	342	Gas	RWD	Silver	2022-12-19	4952.63	330550193	owner				
25WPIF8SAKX141185	FORTWO	2007		smart	Rough	Sedan	112	Gas	RWD	Maroon	2023-02-09	6752.75	89-6612313	user18	2023-03-21	458722087	user06	
2DLWYHDZYE1017904	X-TYPE	2008	safe oil ring; automatic valves; 	Jaguar	Very Good	Minivan	247	Gas	AWD	Rose	2023-03-21	16390.66	003604289	user25	2023-08-01	505935683	user03	
2FWYG72XL3P808371	PT CRUISER	2006	wide cam; pickup; 	Chrysler	Very Good	Coupe	319	Gas	FWD	Aluminum,Cream,Gray	2022-09-28	2071.31	770157460	user25				
2HYIZGUWIQF039003	EV	2021	high volume cylinder; 	XPeng	Very Good	Sedan	113	Gas	RWD	Black,Claret,Maroon	2022-08-17	10016.47	207200160	user10				
2LY0LQQ3O87337578	PROWLER	2002	disc brake; 	Chrysler	Rough	SUV	353	Battery	RWD	Cream	2023-01-19	1667.58	366476978	owner	2023-07-22	455775907	user21	
2MKA8LG040R833271	QUATTROPORTE	2009	good piston; 	Maserati	Very Good	Truck	272	Fuel Cell	AWD	Rose,Silver	2022-12-08	11690.80	923198492	owner				
2MXZFXYFPK5303143	P1	2014	crankcase; best radiator; 	McLaren	Rough	Minivan	259	Gas	AWD	Orange,White	2023-01-31	8978.61	83-2744154	user02	2023-03-31	389895757	user11	
2N02SJQHISJ304978	RANGE ROVER SPORT	2011	front wheel drive; sturdy side impact beams; 	Land Rover	Rough	Truck	300	Hybrid	AWD	Copper	2022-11-15	2845.43	433383100	user22	2023-05-16	265555004	owner	
37P7U8FZQUW335845	599 GTB	2011	Automotive Service Excellence (ASE); 	Ferrari	Fair	Minivan	259	Gas	RWD	Silver	2023-01-17	13800.04	853004996	user05				
3B2ABELTMYN821278	GS-6 PROS	2023	very hard struts; 	Karma	Fair	Coupe	272	Gas	AWD	Yellow	2022-10-12	27948.23	069880470	user12				
3DEX0DH8TAW758325	SILVERADO 3500 HD	2007	hatchback; best suspension; 	Chevrolet	Good	Minivan	193	Battery	FWD	Turquoise	2023-04-29	5584.28	636710459	user04	2023-05-10	54-0450340	user11	
3EFKWHDVV7K763989	BORREGO	2011	minivan; oversteer; 	Kia	Very Good	Sedan	103	Battery	RWD	Bronze	2023-07-12	4974.04	708787120	user05	2023-07-14	940496636	user03	
3TQKT45OH5Y580038	AVALON	2002	station wagon (Also known as wagon.); 	Toyota	Very Good	SUV	392	Plugin Hybrid	RWD	Rust	2023-04-17	1586.74	594978611	user02				
4JX146RTPEP497160	ELANTRA GT	2014	best sedan; 	Hyundai	Good	Convertible	198	Plugin Hybrid	RWD	Brown	2023-02-18	4928.24	093940195	user10				
4NU1XG1A1PK229738	P7	2022	crankcase; 	XPeng	Rough	Other	213	Hybrid	4WD	Black	2022-11-05	8656.54	433383100	user22	2023-03-30	016043927	user14	
4VNFJ5C41RD739427	CX-9	2015	best suspension; 	MAZDA	Rough	Coupe	368	Gas	AWD	White	2022-11-07	7360.31	651772352	user05	2023-01-03	815705661	user21	
4YH16636OI3987091	LUCERNE	2010	sport utility vehicle-SUV; 	Buick	Excellent	Truck	291	Gas	AWD	Copper	2023-02-11	11557.57	06-8505211	user12				
4Z1EJX6IEPX270529	A6	2003	no redline; 	Audi	Fair	SUV	345	Hybrid	RWD	Tan	2022-10-08	7870.52	39-5236833	user05				
53J585ZOQLS024056	SPRINTER 2500	2007	sturdy side impact beams; drum brake; 	Dodge	Fair	Convertible	185	Gas	RWD	Red	2023-02-16	12943.53	810084525	user22	2023-04-13	046027423	user11	
5DUH7JX2WMU677701	GS430	2002	sturdy side impact beams; 	Lexus	Excellent	Sedan	198	Gas	4WD	Gray	2022-10-04	4125.35	17-7252417	user10	2023-03-14	957736062	user21	
5JQQ7YRMKWE539035	S65 AMG	2013		Mercedes-Benz	Good	Sedan	226	Plugin Hybrid	RWD	Beige	2022-12-10	5073.75	567152735	user10	2023-04-20	477487143	owner	
60UEB8O2X1V924211	PILOT	2010	front wheel drive; 	Honda	Good	Minivan	190	Gas	AWD	Yellow	2023-04-15	15580.70	811813729	user13				
6DOO2Y5ZN3C006211	IMPREZA	2009	Automotive Service Excellence (ASE); 	Subaru	Fair	Truck	314	Gas	RWD	Metallic	2022-07-16	12524.25	104689314	user16				
6H82UWO7Y0K320015	COMMANDER	2010	overdrive; 	Jeep	Very Good	Coupe	267	Gas	RWD	Tan	2022-12-18	23854.62	163713671	user22	2023-03-25	54-0450340	user03	
6NQQ1AIDBRV367914	STS	2010		Cadillac	Very Good	Sedan	238	Gas	RWD	Gold	2023-01-21	2855.83	265555004	user16	2023-01-25	618075000	user21	
6OTVDXLJZAB024556	BOXSTER	2002	manual transmission; 	Porsche	Fair	Convertible	181	Gas	AWD	Green	2023-04-12	1726.79	356797231	user10	2023-04-18	25-9301749	user21	
6UGIW017LCI060007	SENTRA	2002	innovative air bags; 	Nissan	Rough	Coupe	297	Gas	4WD	Metallic	2022-07-06	4328.25	36-8698992	user05				
6UQVGBLKNG5875644	GRAND CHEROKEE	2003	electronic transmission; 	Jeep	Excellent	Minivan	232	Gas	RWD	Pink	2023-05-06	3975.72	104732900	user16	2023-05-17	815705661	user24	
7AESLJ27KQU502914	ASTRA	2008	hydraulic brakes; 	Chevrolet	Very Good	Truck	270	Gas	RWD	Gold,White	2023-06-15	9849.06	509845808	user25				
7BLP2F8NFS5517675	ROADSTER	2010	high differential; autotachometer; 	Tesla	Good	Coupe	300	Gas	AWD	Cream	2023-07-30	8265.61	74-9463704	user19	2023-08-05	113989044	user11	
7BXZ04PFOSU192497	RANGE ROVER SPORT	2010	sturdy side impact beams; 	Land Rover	Rough	Convertible	152	Hybrid	AWD	Claret	2023-06-09	2875.08	89-6612313	user16	2023-07-28	890097344	user21	
7DUND5DA2VI455102	TRAILBLAZER	2005		Chevrolet	Rough	Truck	277	Gas	4WD	Orange	2023-03-10	2922.59	74-5457829	user23				
7EM2RFFIVOU030418	C5500 TOPKICK	2008		GMC	Excellent	SUV	302	Hybrid	FWD	Beige	2023-03-16	12966.97	36-8698992	owner	2023-03-22	42-1408737	user06	
7KX137K8NAD793434	COOPER COUNTRYMAN	2013	automatic safety features; 	MINI	Fair	Minivan	239	Gas	FWD	Metallic	2022-12-31	3358.33	811813729	user13	2023-06-24	984173706	user11	
7MLMMI8XWKM942519	NAVIGATOR	2009	automatic safety features; 	Lincoln	Good	Coupe	371	Hybrid	4WD	Black	2022-07-23	13715.02	957736062	user19	2023-02-03	39-5236833	user24	
80F81A0SDY8687560	EVORA	2014	automatic valves; disc brake; 	Lotus	Very Good	Truck	297	Gas	FWD	Black	2022-09-07	4763.62	575967884	user25	2022-10-21	562942223	user11	
81HW4RR52L0458008	Q60	2014	great stabilizer bar; 	INFINITI	Very Good	Other	80	Plugin Hybrid	AWD	Tan	2023-06-25	5797.21	33-5130589	user16				
8JLXAPL3V0W455763	ESPRIT	2004	pickup; 	Lotus	Good	Coupe	368	Battery	AWD	Turquoise	2023-06-16	7377.34	304363016	user04				
8KFLK60K6LI157216	CROSSFIRE	2006		Chrysler	Good	Coupe	220	Hybrid	AWD	Pink	2022-12-08	9093.38	093940195	user05	2023-08-13	786458224	user11	
8Z05OAZNX2V539073	DEFENDER	2013	electronic transmission; best oil pump; supernew catalytic converter; 	Land Rover	Excellent	Coupe	202	Battery	RWD	Gold	2023-08-03	7691.17	90-7498092	user18				
A3MYJUR4BV5683359	NAVIGATOR	2009	hatchback; hatchback; 	Lincoln	Very Good	Minivan	235	Gas	RWD	Black	2023-01-01	13847.04	28-8467164	user05	2023-06-22	923198492	user21	
A801LEVAKE7060216	MATRIX	2012	high quality carburetor; overdrive; 	Toyota	Rough	Minivan	208	Gas	RWD	Claret,Copper,Green	2023-06-28	9324.82	626713653	user10	2023-08-04	015370748	user20	
AE2AOKLPFNP679714	X	2014	station wagon (Also known as wagon.); 	Tesla	Rough	Other	123	Diesel	RWD	Pink	2023-02-28	6227.70	428941013	user04	2023-03-26	78-2005220	user14	
AFE0T2SJB3M292600	MAXIMA	2011		Nissan	Very Good	SUV	409	Plugin Hybrid	4WD	Aluminum	2022-07-06	5214.99	374073318	user08	2023-08-21	366476978	user03	
AL1Q0N7Q6AF836970	E-250 SUPER DUTY	2004	normally aspirated; fuel injection; no backfire/backfiring; 	Ford	Very Good	SUV	307	Hybrid	FWD	Metallic	2022-08-03	2142.55	74-5457829	user13	2023-01-23	810084525	user15	
AONAJJ62QFS106546	VT1100C SHADOW SPIRIT	2003	air filtration system; 	Honda	Rough	Truck	261	Battery	RWD	Rust	2023-05-06	1487.94	28-8467164	user16	2023-08-27	345988925	user15	
AT0V5GNU4DI828588	DUCATO	2014		FIAT	Fair	Convertible	196	Fuel Cell	RWD	Turquoise	2023-03-02	13212.18	067561591	user16				
ATOFM1EBV8T015290	CLK320	2003	four-wheel drive; best oil pump; 	Mercedes-Benz	Good	SUV	400	Hybrid	4WD	Gold	2023-04-05	2340.89	42-1408737	user04	2023-04-11	15-7059236	user21	
ATTHVVKMWBJ298534	RSX	2002	station wagon (Also known as wagon.); 	Acura	Excellent	Other	313	Plugin Hybrid	AWD	Metallic	2023-03-17	1767.00	296814584	user23	2023-05-10	366476978	user15	
AVDSTRV1NGB838195	RENDEZVOUS	2007	very hard struts; 	Buick	Fair	Convertible	186	Gas	4WD	Green	2023-07-11	5428.30	970763201	user10	2023-07-16	526558813	user11	
AVW3MNBAD6U843951	BOXSTER	2015	oversteer; high block; oversteer; 	Porsche	Good	Convertible	168	Gas	RWD	Pink	2022-12-17	5640.37	575697916	owner				
AXFZ0VP31ZH670485	A8	2015	coupe; can be used as sports car; 	Audi	Good	Coupe	220	Gas	4WD	Purple,Red	2023-06-26	9664.74	526558813	user10				
AY5S4SDBCC3740960	RS5	2011	front axle assembly; 	Audi	Rough	Other	70	Gas	4WD	Yellow	2022-12-26	8969.90	770157460	user19	2023-03-12	183424694	owner	
B2JZ72LY7MS631123	COOPER	2008	active safety features; 	MINI	Excellent	SUV	411	Battery	FWD	Purple	2023-01-27	3982.60	628832522	user18				
B2RVPIQTQU5029501	RANGE ROVER EVOQUE	2012	drum brake; 	Land Rover	Very Good	Coupe	210	Gas	RWD	Tan	2023-06-27	5482.05	594978611	user04	2023-08-25	309764557	user21	
BAHBPJ8TRXR190542	LS460	2015	no redline; 	Lexus	Very Good	Sedan	229	Diesel	FWD	Yellow	2022-10-16	15647.51	433383100	user08	2023-01-17	54-0450340	user20	
BANM4PV82W7781239	X6	2009		BMW	Very Good	Sedan	113	Plugin Hybrid	4WD	Beige	2023-01-05	8593.13	15-7059236	owner	2023-07-13	123587021	user06	
BFVL2L02Q6J297374	AZERA	2010	best suspension; 	Hyundai	Rough	Other	170	Hybrid	RWD	Purple	2023-02-17	10316.14	06-8505211	user10	2023-04-18	26-2580786	user24	
BHZ8WR6J8I0186941	DUCATO	2008	crankcase; 	FIAT	Excellent	Sedan	111	Gas	AWD	Blue	2023-01-13	11127.27	74-5457829	user22				
BK0HC8HZ0U6896211	ARNAGE	2009	wide chassis; broad wheelbase; 	Bentley	Fair	Coupe	271	Plugin Hybrid	4WD	Beige	2023-01-16	3037.03	636057650	user19				
BR0WCSGPZKQ307008	ESCALADE	2008	drive shaft; 	Cadillac	Rough	Sedan	227	Gas	AWD	Pink	2023-04-20	3642.61	759290409	user04				
BSXYFD7API0946760	CITY-COUPE	2004	unibody construction; all passive safety features; front axle assembly; 	smart	Good	Convertible	194	Gas	RWD	Bronze	2023-05-18	2875.53	83-2744154	user04	2023-06-19	754296432	user06	
BX1TFRAUCMT043629	GS-6 PROS	2023	high volume cylinder; front axle assembly; no understeer; 	Karma	Excellent	Convertible	164	Battery	RWD	Maroon	2022-07-14	28035.15	913508448	user22	2023-05-16	104689314	user11	
BXF3ASJHKTX822745	B3000	2008	fuel injection; 	MAZDA	Excellent	Minivan	217	Gas	AWD	Blue	2022-10-09	5105.28	958387355	user04				
BYM136GK54P990225	R1S	2023	innovative air bags; convertible; 	Rivian	Excellent	SUV	278	Gas	FWD	Rust	2022-09-28	23056.24	74-5457829	user10	2023-02-23	245644421	user07	
C3ENYLKQ8AP853622	RDX	2015	normally aspirated; 	Acura	Fair	Other	51	Hybrid	AWD	Metallic,Turquoise	2022-11-18	3821.41	779636675	user12	2023-06-10	06-8505211	user24	
C55GQGXHP0Y891707	CLK350	2006	oversteer; 	Mercedes-Benz	Very Good	Sedan	215	Gas	AWD	Maroon	2022-08-07	6611.08	71-0834705	user10	2022-12-23	296814584	user06	
C5I6GRDA1LX196337	G9	2023	minivan; 	XPeng	Rough	Minivan	236	Gas	RWD	Cream,Maroon,Red	2023-01-07	15384.20	738035265	user10	2023-04-25	304363016	user06	
CHXR8I2J0M2362214	EXIGE	2009	great rpms; coupe; 	Lotus	Good	Coupe	253	Natural Gas	RWD	Navy,Turquoise	2022-08-31	4632.50	009553827	user05	2023-02-22	737467507	owner	
CILK8KOBEKV435840	CR250R	2005	disc brake; anti-lock brake system (ABS); very hard struts; 	Honda	Excellent	Sedan	138	Gas	RWD	Claret,Cream	2022-11-22	5475.09	520448132	user16	2023-02-06	793767722	user20	
CKBVXPE23O1840369	TL	2014	automatic safety features; rear wheel drive; crumple zones; 	Acura	Fair	Minivan	253	Plugin Hybrid	RWD	Black	2023-08-24	5376.37	28-0102355	owner	2023-08-27	407340644	user06	
CMI2TOM7S2T094938	DERBY	2004	sport utility vehicle-SUV; 	Volkswagen	Excellent	SUV	280	Gas	4WD	Green	2022-08-10	6020.54	753604797	owner	2022-09-28	428941013	user21	
CUM5114Q0C7915917	F650	2006	automatic valves; 	Ford	Excellent	Truck	305	Gas	4WD	Metallic	2022-09-07	4536.76	675015658	user05				
D6G5OGFOYI1530826	CANTER FE180	2013	wide chassis; 	Mitsubishi	Excellent	Minivan	258	Gas	AWD	Brown,Green,Turquoise	2023-08-09	3941.23	567152735	user02				
D8VDEU0GWB2771650	RDX	2013	high block; 	Acura	Very Good	Minivan	229	Hybrid	RWD	Turquoise	2023-02-27	3431.58	472719178	user10	2023-05-03	19-7723743	user24	
DA6NU2CRJEC205150	CH80 ELITE	2004	wide cam; no understeer; automatic transmission; 	Honda	Good	SUV	361	Gas	4WD	Navy	2022-07-18	6993.24	067561591	user12				
DAGO1U5HNA4115178	ASPEN	2008	drum brake; 	Chrysler	Excellent	Other	340	Gas	RWD	Gray	2022-11-20	2668.21	520448132	user04				
DB0UB3FA7IR128920	R63 AMG	2007	innovative air bags; 	Mercedes-Benz	Fair	Truck	272	Gas	RWD	Black	2023-06-11	2809.21	49-8387551	user04	2023-07-26	822640879	user03	
DDDLTOEAL4I499781	458 ITALIA	2011		Ferrari	Good	Sedan	135	Gas	RWD	Aluminum	2022-12-13	7190.17	694628160	user22	2022-12-31	958387355	user11	
DDSRT3SC6IC755465	GS-6	2023	rack and pinion steering; active safety features; no backfire/backfiring; 	Karma	Excellent	Minivan	238	Gas	4WD	Beige,Green,Rust	2022-10-16	12211.57	163713671	user13	2023-01-05	278517177	user06	
DK77EOISMG7876504	P7	2023		XPeng	Very Good	Truck	306	Gas	AWD	Copper	2022-08-08	10082.58	106718545	user08	2022-09-22	89-6612313	user24	
DLN8B358NL1021790	PACIFICA	2004	very hard struts; no redline; 	Chrysler	Excellent	SUV	241	Gas	RWD	Rose,Rust	2023-02-20	1895.20	754296432	user22	2023-04-26	018813678	user15	
DOD0G7FMK16806553	COMMANDER	2009	strong muffler; 	Jeep	Rough	Truck	333	Battery	RWD	Copper	2022-11-02	23744.01	958387355	user16				
DP2N1FFLK1Y134196	ESCALADE EXT	2011	Automotive Service Excellence (ASE); 	Cadillac	Excellent	Truck	326	Gas	4WD	Gold	2022-10-23	8274.70	754296432	user23				
DRTV6G2JHZT988232	K1200LTC	2002	unibody construction; 	BMW	Fair	Sedan	122	Gas	RWD	Bronze	2022-12-14	4293.48	738035265	user13	2023-05-11	623634867	user06	
E0YFKX8BLTL142394	R1T TOMORROW	2023	disc brake; 	Rivian	Excellent	Other	295	Gas	RWD	Navy	2022-12-12	27351.62	29-7932365	user19	2023-04-19	957736062	owner	
E1T05PHQF4I669608	PANDA	2007	station wagon (Also known as wagon.); 	FIAT	Good	Other	252	Gas	FWD	Cream,Metallic	2023-04-17	3196.22	810084525	user22				
EAKQ0JX5H7Z281045	R1T	2023	air filtration system; 	Rivian	Fair	SUV	359	Gas	4WD	Red	2022-09-04	10975.83	96-4836555	user12	2023-06-09	888163974	user21	
EFN2IJTUAT1401775	575 M MARANELLO	2002		Ferrari	Good	Convertible	194	Gas	AWD	Gray	2023-08-20	1491.39	596463500	user23				
ELOHA60HGW0225638	599 GTB	2008	no understeer; 	Ferrari	Excellent	Minivan	253	Hybrid	RWD	Red	2022-12-24	12352.30	887845857	user16	2023-06-26	069880470	user11	
EVAT53CQCL2313744	SPRINTER 2500	2008	high volume cylinder; 	Dodge	Very Good	Coupe	230	Hybrid	4WD	Bronze	2023-05-25	13989.75	770157460	user08				
EYHIFQOMJDL979440	DISCOVERY	2015		Land Rover	Excellent	Convertible	188	Battery	4WD	Gold,Turquoise	2023-02-12	8061.27	52-2277642	user16	2023-08-14	575697916	user15	
F0366DY3NGP862456	SIENNA	2009	wide cam; best oil pump; 	Toyota	Rough	Coupe	273	Gas	RWD	Black	2022-07-06	4345.21	067561591	user04	2022-07-21	505935683	owner	
F2A8DSW1QYV603526	OPTIMA	2013	rack and pinion steering; 	Kia	Rough	Minivan	183	Diesel	AWD	Blue	2022-09-09	3537.35	705835282	user12				
F3WVDO2KN32817647	FOCUS	2007	sturdy rear axle assembly; 	Ford	Good	Sedan	164	Plugin Hybrid	RWD	Aluminum	2022-10-24	9084.95	622135209	owner	2023-01-22	267471060	owner	
F8PNEJV38BP709528	AVENTADOR	2013	convertible; 	Lamborghini	Excellent	Coupe	212	Battery	AWD	White	2023-08-11	4867.21	71-0834705	user04	2023-08-20	009553827	user07	
FCJVNI6EYOP282284	P7	2023	front axle assembly; 	XPeng	Good	Other	191	Diesel	AWD	Tan	2023-03-27	10116.00	345988925	user08	2023-07-22	28-8467164	user06	
FCT22KMD6SQ218332	ENCLAVE	2013	sturdy side impact beams; very hard struts; automatic safety features; 	Buick	Rough	Truck	258	Gas	AWD	Bronze	2023-06-27	10443.69	009553827	user16	2023-08-10	579484678	user03	
FIC8GEO7P0E062013	YUKON XL 2500	2007	convertible; supernew catalytic converter; 	GMC	Fair	Minivan	189	Hybrid	RWD	Cream	2023-01-22	14151.24	526558813	user02				
FK7Q7XYMZUL655715	ESPRIT	2002		Lotus	Good	Convertible	151	Diesel	AWD	Turquoise	2022-07-28	5172.00	29-7932365	user13	2023-05-29	015370748	user14	
FO8BR3L7GWC607284	V8 VANTAGE	2012	anti-lock brake system (ABS); 	Aston Martin	Excellent	Truck	315	Gas	RWD	Copper	2022-10-09	13997.64	389895757	user19	2023-04-29	445469254	user14	
FTCE5VQVNQJ191984	LIBERTY	2009	front axle assembly; 	Jeep	Rough	Minivan	222	Gas	RWD	Black,Brown,Copper	2023-04-26	3867.06	329699896	owner				
FUXRA3CIN1J359585	330XI	2004	safe oil ring; 	BMW	Good	Convertible	194	Diesel	AWD	Cream	2023-02-28	3606.73	459230738	user12	2023-06-23	628832522	user15	
FVX5AUACR44500716	G55 AMG	2004	overdrive; small spark plug gap; high quality carburetor; 	Mercedes-Benz	Fair	Other	84	Gas	RWD	Green	2023-06-19	2338.25	991726229	user13	2023-08-27	458722087	owner	
FWEFVULU0JN270172	FJ CRUISER	2012	automatic transmission; 	Toyota	Rough	Other	53	Diesel	FWD	White	2022-10-14	6326.43	74-9463704	user16	2023-03-17	779636675	user06	
FWXC41T1VBE544839	VOLT	2012	great engine; Automotive Service Excellence (ASE); wide cam; 	Chevrolet	Excellent	Sedan	193	Plugin Hybrid	RWD	Navy	2022-12-23	4896.02	520448132	user04	2023-02-19	395812025	user14	
G6I3LMORPXN360656	INTREPID	2004		Dodge	Very Good	Other	289	Plugin Hybrid	FWD	Yellow	2022-12-11	1652.71	74-9463704	user22	2023-03-04	104689314	user20	
G8KG7HO2EJ8944601	TIBURON	2007	automatic torque converter; 	Hyundai	Rough	SUV	304	Gas	FWD	Gray	2023-06-14	5224.85	345988925	user10	2023-08-09	455741327	user07	
GETQL1GYWI5001163	B2300	2003	drum brake; 	MAZDA	Rough	SUV	409	Battery	RWD	Green	2022-12-21	1387.89	28-8467164	user19				
GJRQOQ5ZD6M728549	ASPEN	2008	safe oil ring; best radiator; 	Chrysler	Excellent	Minivan	183	Hybrid	FWD	Beige	2022-09-16	2701.30	990310176	user23	2022-11-20	705835282	user03	
GK5K3GNG1CH730744	ES330	2005	disc brake; 	Lexus	Very Good	Sedan	202	Diesel	AWD	Copper,Cream	2023-03-26	7454.08	737467507	user19	2023-07-12	837336132	user07	
GMQCXSTWVCO631553	PARK AVENUE	2004	modern dashboard; 	Buick	Rough	Other	124	Fuel Cell	AWD	Brown,Gold	2023-06-06	5318.91	330219073	user16				
GOQGJ0XOFTZ166566	CTS	2013	active safety features; 	Cadillac	Fair	Truck	345	Diesel	4WD	Copper,Maroon,Purple	2022-07-13	4325.44	779636675	user16	2022-10-14	96-4836555	user06	
GVT0E3IPLDI548031	PANDA	2007	high quality carburetor; 	FIAT	Very Good	Truck	345	Gas	RWD	Brown,Gold,Turquoise	2023-01-08	3170.92	051987519	user10	2023-02-06	505935683	user11	
H5HS4CYPKMN555181	GOLF SPORTWAGEN	2012	automatic torque converter; 	Volkswagen	Excellent	Coupe	397	Gas	FWD	Orange	2022-12-06	3716.20	676879655	user19	2023-01-11	654675987	user24	
H7VHOTCWTFW799868	CT200H	2013	disc brake; pickup; 	Lexus	Fair	Other	212	Hybrid	RWD	Metallic	2022-10-04	11943.63	96-4836555	user13	2023-05-29	705835282	user03	
HC2MYX2JUO6050652	RAM 3500	2005	automatic torque converter; 	Dodge	Fair	Sedan	137	Gas	RWD	Brown	2022-07-21	9083.66	395812025	user13	2023-07-09	06-8505211	user06	
HF20A3SRV53367011	COMPASS	2015	overdrive; 	Jeep	Very Good	Coupe	348	Battery	AWD	Rose	2023-06-02	9997.19	265555004	user08	2023-07-02	913508448	user07	
HGOQEQW7NMX763582	4RUNNER	2003	coupe; 	Toyota	Good	Sedan	148	Gas	4WD	Turquoise	2023-01-24	1544.81	304363016	user13	2023-06-02	245306752	user11	
HKZTRDHVCFC282367	P7	2023	Automotive Service Excellence (ASE); all passive safety features; very hard struts; 	XPeng	Very Good	Convertible	165	Fuel Cell	AWD	Navy	2023-06-25	10123.56	309764557	user12				
HQ346HZH6BN134720	AZURE	2006	convertible; 	Bentley	Rough	Convertible	168	Gas	AWD	White	2022-12-19	6834.25	940496636	user19				
HQQP5MNUT63259299	ET7	2021	sturdy side impact beams; 	Nio	Rough	Sedan	226	Gas	AWD	Tan	2023-07-28	7780.27	455775907	user25				
HQTOUIQIRZK060873	MUSTANG	2014	ultra new transmission; unibody construction; electronic transmission; 	Ford	Rough	SUV	388	Gas	AWD	Maroon,Rust,Silver	2022-10-11	14062.53	42-1408737	user10	2022-10-23	298384247	user24	
HVA3BMZ4EOS741916	GS-6 PROS	2023	convertible; 	Karma	Excellent	Coupe	256	Natural Gas	RWD	Cream	2022-10-28	27961.11	413945921	user23	2023-06-20	015370748	user14	
HVJ8B3DNTCM113915	PALIO	2004	unibody construction; 	FIAT	Excellent	Truck	272	Gas	RWD	Cream,Navy,Rust	2022-09-20	4590.70	998974563	user10	2023-01-14	605255326	user21	
HXYKUNHFST8923803	CALIFORNIA	2013	station wagon (Also known as wagon.); great engine; engine displacement; 	Ferrari	Very Good	Sedan	202	Gas	RWD	Tan	2022-10-29	3787.46	52-2277642	user02	2023-04-01	106718545	user14	
I3KJG41FDMB799433	I35	2004	power train; 	INFINITI	Excellent	Minivan	218	Gas	AWD	Copper	2022-07-12	1953.04	888163974	user16	2022-07-31	921747121	user21	
ICOCHNNFJ0Z168627	W3500 TILTMASTER	2004	best suspension; 	Chevrolet	Fair	Coupe	315	Diesel	AWD	Yellow	2023-03-19	7913.55	773845283	user23				
IDF5Z0PDZ3H631808	ES8 NEW	2023	great rpms; 	Nio	Good	Minivan	257	Hybrid	4WD	Copper	2022-09-13	27900.73	592787851	user22	2023-05-11	26-2580786	user03	
IQVKGGZDMG1065750	COMPASS	2012	best radiator; 	Jeep	Fair	Other	176	Gas	RWD	Rust	2023-08-15	9175.23	562942223	user18	2023-08-22	207200160	owner	
ITV1P5YPWZV062241	RAM PICKUP	2014	sturdy rear axle assembly; 	Ram	Very Good	Other	136	Battery	FWD	Blue	2022-07-31	9478.47	163713671	user10	2023-01-09	296814584	owner	
IYPXWCTTJW8469109	CABRIO	2004	safe oil ring; normally aspirated; 	smart	Rough	SUV	282	Gas	4WD	Aluminum,Navy	2023-06-05	1911.77	407340644	user05				
J1VNUR4JO2K739404	RL	2011	automatic torque converter; no backfire/backfiring; minivan; 	Acura	Fair	Truck	281	Gas	4WD	Beige	2022-12-14	9959.76	330219073	user12				
J1VSB85Q0EL367386	ET7	2019	rear wheel drive; 	Nio	Fair	SUV	292	Gas	AWD	Maroon	2022-12-11	6189.29	016043927	owner	2023-08-07	093940195	user20	
J2FMAGZEZWE901493	PANDA	2012	high volume cylinder; automatic valves; 	FIAT	Rough	Convertible	172	Gas	RWD	Gray	2023-06-28	4034.18	738035265	user13	2023-08-30	779636675	owner	
J37LM10Y3NL778686	MP4-12C	2014	drive shaft; 	McLaren	Very Good	Other	274	Battery	AWD	Purple	2023-06-14	3578.44	344705705	user04				
J4M3M72MAAJ880141	SILVERADO 2500 HD	2004	best suspension; 	Chevrolet	Good	Convertible	191	Gas	RWD	Beige	2023-03-06	8740.80	583230740	user13	2023-08-12	102270141	user21	
J5XDPCEM4GJ112345	G6	2020	convertible; 	XPeng	Rough	SUV	320	Gas	4WD	Rust	2023-04-11	13676.10	16-9937771	user08				
J6HNK0LSBLR804343	COOPER	2002	strong muffler; 	MINI	Rough	SUV	400	Gas	AWD	White	2023-08-21	1581.78	91-1547193	user10	2023-08-28	455741327	user11	
J7GU3YIC164486632	CONTINENTAL	2003	Automotive Service Excellence (ASE); 	Bentley	Good	Coupe	369	Gas	AWD	Bronze,Copper,Purple	2023-05-28	2584.33	631092260	user08	2023-06-30	89-6612313	owner	
JARGZV0GPKP503199	PLATINA	2009	minivan; best sedan; 	Nissan	Fair	Other	89	Gas	AWD	Aluminum	2023-04-27	7010.51	057287433	user16	2023-07-24	114496235	user11	
JCSWK7YNNU4772939	COOPER COUNTRYMAN	2012	good gear; 	MINI	Very Good	Convertible	186	Plugin Hybrid	AWD	Aluminum	2022-09-05	3370.38	837336132	user19				
JG225CRK0P7396477	RAM 4500	2009	power train; 	Dodge	Good	Minivan	210	Battery	RWD	Metallic	2023-06-23	3893.58	49-8387551	user16	2023-07-09	113989044	user20	
JL574F53IWW677762	COUPE	2006	active safety features; 	Maserati	Rough	SUV	319	Gas	AWD	Turquoise	2023-02-22	2804.11	413456834	user16	2023-04-22	694628160	user11	
JS888P7A266025942	QX56	2008		INFINITI	Fair	Truck	335	Gas	AWD	Orange	2023-04-17	2975.48	832718521	user08	2023-05-30	066821418	owner	
JSD0WZ3IDPH375215	SAVANA 2500	2015	fuel injection; 	GMC	Good	Minivan	225	Gas	AWD	Bronze,Purple	2022-07-24	7858.80	161600194	user19	2022-08-27	413945921	user06	
JSLVGP64FVY255158	RL	2009	high torque; 	Acura	Fair	Coupe	238	Diesel	4WD	Gray	2022-12-25	9989.88	948800760	user19	2023-07-01	737467507	user24	
JSTTHRDPVRV710732	MURCIELAGO	2007	supernew catalytic converter; 	Lamborghini	Very Good	Minivan	208	Gas	AWD	Purple	2023-05-13	10983.21	694628160	user19	2023-05-29	940496636	user03	
JWHTPH7DRQ1790129	GRAND CHEROKEE	2002	great engine; 	Jeep	Very Good	SUV	342	Diesel	4WD	Pink	2022-09-10	3171.44	018813678	user23	2023-02-09	28-0102355	user20	
JYY1BDC2RVA780226	QX56	2004	normally aspirated; 	INFINITI	Very Good	Minivan	217	Gas	RWD	Claret	2022-09-20	1711.05	298384247	user23				
KI47PBW0PCK969685	AVANZA	2007	four-wheel drive; 	Toyota	Very Good	Truck	297	Battery	AWD	Bronze	2022-07-31	7600.02	313246638	user12	2023-06-26	071312763	user06	
KRP1OF566LN517977	GS450H	2007	power train; 	Lexus	Very Good	Minivan	240	Gas	RWD	Brown,Maroon,Tan	2023-06-03	2667.99	445469254	user12	2023-08-10	309764557	user15	
KWMVI3HK6NU963190	XC60	2011	automatic transmission; 	Volvo	Fair	Sedan	181	Battery	RWD	Tan	2023-07-19	6778.30	870969139	user25				
KYCAXU240EL627124	QX56	2013	unibody construction; 	INFINITI	Excellent	Convertible	176	Gas	RWD	Pink	2023-04-15	3482.71	940496636	owner	2023-08-08	921747121	user14	
L1HOHDZNBHV145467	COOPER	2002	sturdy rear axle assembly; 	MINI	Rough	Convertible	171	Gas	AWD	Maroon	2023-08-27	1581.78	90-7498092	user05	2023-08-30	853004996	user11	
LDK5QRMH1KY711443	XC70	2003		Volvo	Fair	Sedan	203	Gas	RWD	Blue	2023-01-19	1339.66	926580668	user18	2023-03-08	579484678	user07	
LELQDTRMCRG279165	V8 VANTAGE	2011	fuel injection; station wagon (Also known as wagon.); very hard struts; 	Aston Martin	Excellent	Sedan	234	Gas	4WD	Rose	2023-03-10	13598.25	602353949	user04	2023-05-23	298384247	user11	
LGV35UW1ULO558332	GENESIS COUPE	2013	unibody construction; 	Hyundai	Rough	Truck	280	Gas	RWD	Brown	2023-07-24	5482.67	282876123	user23	2023-08-24	505935683	user03	
LJ2WO6LIMI3909406	CANYON	2015	overdrive; normally aspirated; 	GMC	Excellent	Sedan	125	Gas	RWD	Beige	2022-09-07	5400.35	069880470	user10	2023-06-09	330219073	user14	
LJAMX3YGRHF367786	MDX	2013	drive shaft; 	Acura	Good	Coupe	391	Battery	FWD	Claret	2022-07-02	4280.69	154296138	user02	2023-01-19	207200160	owner	
M1MDEKHT4YZ415088	POINTER TRUCK	2005	can be used as sports car; 	Volkswagen	Excellent	Truck	287	Hybrid	AWD	Green	2022-12-22	8408.76	379751710	user18	2023-02-26	356797231	user15	
M7FEZKTUSLQ658652	XKR-S	2012	check the Monroney sticker - theer is nothing better than this vehicle; 	Jaguar	Good	Minivan	192	Gas	4WD	Pink	2022-10-16	15103.13	623634867	user19				
ME40O4IQW48505690	MURANO	2003	automatic transmission; 	Nissan	Excellent	Convertible	171	Gas	AWD	Green,Rose	2022-10-22	4961.68	455741327	user12	2023-06-02	853004996	user24	
MHI4KIVRNPJ500772	G9	2020	automatic valves; 	XPeng	Good	Coupe	347	Gas	AWD	Orange	2023-03-06	9803.42	793767722	owner				
MICIENJDD5Q999174	AVALANCHE 2500	2002	Automotive Service Excellence (ASE); 	Chevrolet	Good	Minivan	227	Natural Gas	RWD	Purple	2022-12-18	2861.19	773845283	user19				
MM825YZ686X514495	SIERRA DENALI	2008		GMC	Excellent	Coupe	288	Diesel	RWD	Aluminum,Gold	2022-12-01	10509.75	78-2005220	user22				
MP1R6VPSU6W444223	FE-HD	2004	can be used as sports car; 	Mitsubishi	Rough	Truck	280	Gas	AWD	Yellow	2022-07-27	3681.19	83-2744154	user02				
MR2XCOKAHCN359862	GALLARDO	2012	very hard struts; 	Lamborghini	Rough	Other	95	Gas	FWD	Orange	2022-11-06	5222.92	998974563	user18	2023-08-05	810084525	user24	
MUBBDO4BEW6968551	GT	2008		Alfa Romeo	Excellent	Coupe	323	Gas	RWD	Pink	2023-03-21	8548.09	413945921	user22	2023-04-15	841544478	user03	
MYFEXB6J80A683292	LACROSSE	2008	superturbocharger; 	Buick	Rough	Sedan	149	Plugin Hybrid	4WD	Red	2022-12-20	11128.16	013164892	user22				
N041TL677X0120634	SLK230	2003	best radiator; strong muffler; oversteer; 	Mercedes-Benz	Good	SUV	433	Hybrid	AWD	Bronze	2023-02-01	7943.15	499684568	user05	2023-08-12	779636675	user15	
N12FXFPCL7X458293	R1S NEW	2021	innovative air bags; 	Rivian	Excellent	Sedan	130	Gas	AWD	Silver	2022-09-11	14655.56	856152797	user10	2023-06-17	28-0102355	user20	
N33DFUSQ5TL200923	CIRRUS	2005	minivan; front wheel drive; 	Chrysler	Fair	Truck	334	Gas	AWD	Red	2023-05-06	2235.79	066821418	user05	2023-06-25	304363016	user21	
N445T73QPKZ254661	AZERA	2007		Hyundai	Excellent	Convertible	176	Gas	RWD	Claret,Gold	2022-08-14	8512.07	045285165	user23	2023-04-16	374073318	user20	
N56QOOQRRY8687833	NAVIGATOR	2011	hatchback; 	Lincoln	Rough	SUV	305	Gas	4WD	Yellow	2022-07-17	13779.09	755004836	user19	2023-03-25	54-0450340	user14	
NB8SWRCD36Z177457	G9	2020	Automotive Service Excellence (ASE); 	XPeng	Good	Coupe	251	Gas	4WD	Gray	2023-01-11	9845.90	051987519	user13	2023-07-11	067561591	user24	
NBYCOAHVEG4041460	LEAF	2012	front wheel drive; 	Nissan	Fair	Convertible	192	Gas	AWD	Rust	2023-02-19	3521.67	940496636	user10				
NDYSUBAQDQB032013	CANTER FG4X4	2013	electronic transmission; 	Mitsubishi	Good	Convertible	175	Diesel	FWD	Purple	2023-07-06	10084.91	754296432	user12	2023-08-02	79-5119692	user06	
NE217XL1T4C839531	CAYMAN	2011	Automotive Service Excellence (ASE); 	Porsche	Rough	Truck	314	Plugin Hybrid	4WD	Aluminum	2022-08-14	8040.38	287742980	user12	2023-03-01	320036149	user07	
NJU66JAUO8K784929	FORTWO	2011	high block; 	smart	Fair	Other	67	Hybrid	AWD	Rose	2023-05-05	8198.39	29-7932365	user10	2023-07-24	770157460	user07	
O2JPV528RNB316189	E-150	2009	no backfire/backfiring; 	Ford	Good	Minivan	183	Gas	RWD	Bronze	2022-10-06	3590.16	753604797	user04	2023-05-02	287742980	user24	
O6YMU5G8L2F179941	ECLIPSE	2006	safe oil ring; 	Mitsubishi	Fair	Minivan	259	Plugin Hybrid	RWD	Copper	2023-02-24	2765.47	124211511	user04	2023-05-09	599886321	user07	
OCY0COGLNMG252846	SPECTRA	2004		Kia	Good	Sedan	233	Diesel	RWD	Claret	2022-12-04	6142.71	592787851	user25	2023-04-26	913508448	user20	
OEHOHX1J7K3285196	750I	2006	great stabilizer bar; 	BMW	Excellent	Coupe	249	Plugin Hybrid	AWD	Gold,White	2023-05-27	9014.08	241076456	user05				
OIJMG7VO2RW806249	RAV4	2008	high quality carburetor; 	Toyota	Fair	Convertible	161	Gas	AWD	Orange	2023-03-28	23236.00	499684568	user10	2023-08-13	631092260	user07	
OKHN8FWPCRC036542	GRAND CARAVAN	2007	front wheel drive; 	Dodge	Good	Convertible	175	Diesel	RWD	Orange	2022-08-23	3979.20	755004836	user19	2022-09-05	974539916	user06	
OPD07EW5Y63065861	AZURE	2008	wide cam; 	Bentley	Very Good	Minivan	202	Gas	AWD	Purple,Silver	2022-08-04	8465.42	562942223	user16				
OR8PZSUBS7X719887	LACROSSE	2013	gap; fuel injection; unibody construction; 	Buick	Very Good	Truck	280	Gas	RWD	Cream	2023-08-12	12746.59	618075000	owner	2023-08-17	770241172	user07	
OSEO3OI31U2553859	FJ CRUISER	2009	hydraulic brakes; 	Toyota	Very Good	SUV	317	Gas	RWD	Navy	2022-10-29	6003.06	28-0102355	user10	2023-05-07	605255326	user15	
OWUHWW1PGFH452996	F430	2006	fuel injection; 	Ferrari	Rough	Coupe	298	Battery	AWD	Black	2022-11-29	2647.19	304363016	user16				
P3A3Q0W8C7Q563825	350Z	2007	strong muffler; best radiator; 	Nissan	Very Good	Coupe	247	Gas	RWD	Red	2022-12-22	9589.09	675015658	user16	2023-06-17	860279746	user14	
P6QE2S533IB120755	ELANTRA	2008	drive shaft; 	Hyundai	Fair	Minivan	216	Diesel	FWD	Cream,Gold	2023-01-17	9937.99	26-2580786	user23	2023-05-15	120721705	user21	
P6U8HFY7QRU695920	E63 AMG S	2014		Mercedes-Benz	Very Good	Other	295	Gas	RWD	Turquoise	2023-06-05	9596.87	320036149	user18	2023-06-08	42-1408737	user11	
PAJOXU27468517952	MURCIELAGO	2005	best sedan; electronic transmission; 	Lamborghini	Very Good	Sedan	113	Diesel	FWD	Silver	2023-05-22	8277.46	477487143	user16	2023-06-10	579484678	user07	
PHZTSQLW2VE147106	XC70	2005	detail; 	Volvo	Rough	SUV	392	Gas	RWD	Beige	2022-08-19	1831.31	245644421	user10				
PMS4M3PZ8HU994524	LIBERTY	2006	unibody construction; 	Jeep	Good	Other	268	Gas	4WD	Cream	2022-12-24	2771.24	631092260	user08	2023-07-21	110533013	user15	
PN6ETFY5MTU873323	CTS	2007	high volume cylinder; 	Cadillac	Excellent	Sedan	190	Gas	FWD	Rust	2023-02-21	3485.74	093940195	user08	2023-08-14	15-7059236	user21	
PRV6KSFK3P7562406	REGAL	2004	can be used as sports car; 	Buick	Rough	Other	185	Hybrid	AWD	Cream,Rose,Yellow	2023-08-30	8139.93	841544478	user12	2023-08-31	183424694	user11	
PTTFTM1P45G415992	X	2014	high block; 	Tesla	Excellent	Other	87	Hybrid	4WD	Gray,Red,Rust	2023-02-08	6242.28	313246638	user23	2023-05-16	575751736	user15	
PXXNQTGXC33861665	LANCER	2006	best sedan; 	Mitsubishi	Rough	Coupe	221	Battery	AWD	Silver	2023-02-23	8905.34	329699896	owner	2023-04-10	054035983	owner	
PY8X3L1JH7A105476	TRIBECA	2008		Subaru	Fair	Truck	297	Plugin Hybrid	AWD	Gold	2022-09-05	3240.66	853004996	user18	2023-07-30	018813678	user14	
PYBX8T7AXDQ513606	LEGACY	2013	no redline; 	Subaru	Rough	Coupe	363	Gas	4WD	Gold,Gray,Navy	2022-11-16	9151.33	086729883	user23				
PYTCJZMIMKW784960	G6	2022	four-wheel drive; 	XPeng	Fair	Truck	296	Gas	FWD	Orange	2023-07-01	18315.37	754296432	user05	2023-07-29	704063252	user15	
Q4HQR2HYEHH708463	ECOSPORT	2004	broad wheelbase; 	Ford	Very Good	SUV	363	Gas	FWD	Bronze,Maroon,Silver	2023-04-17	1805.40	84-9674424	user13				
Q8OZQ2L5TUM576868	SAVANA 1500	2004	disc brake; front wheel drive; sturdy side impact beams; 	GMC	Rough	Minivan	222	Gas	AWD	Brown,Cream,Green	2023-05-15	10428.24	96-4836555	user22	2023-05-22	617846443	user06	
QBFFO51BIBW977258	REGAL	2002		Buick	Rough	Sedan	112	Gas	4WD	Rust	2023-08-28	5563.86	459230738	user18				
QF0LW3SD4LI269413	XC90	2005	disc brake; sturdy rear axle assembly; 	Volvo	Very Good	Coupe	324	Gas	4WD	Aluminum	2022-08-08	5448.18	472719178	user02				
QFRB7JG36TQ467046	ACADIA	2007	gap; 	GMC	Very Good	Other	74	Gas	FWD	Navy,Tan	2022-10-06	3608.13	282876123	user12	2023-05-24	990310176	user14	
QI8QRWK37QY163162	G6	2020	best suspension; disc brake; 	XPeng	Rough	Convertible	179	Gas	RWD	Black	2023-05-19	13763.04	676879655	user04				
QNW6SF5NCRI280556	DTS	2011	hydraulic brakes; ultra new transmission; best possible traction; 	Cadillac	Very Good	Coupe	297	Plugin Hybrid	AWD	Green,Pink	2023-06-27	17359.77	837336132	user23	2023-08-02	90-7498092	user24	
QPX7602YJYL185988	IMPREZA	2007	great engine; 	Subaru	Fair	Sedan	179	Gas	FWD	Green	2023-05-18	10436.29	594978611	user04				
QUAAGE4JWIU586515	PATRIOT	2007	hatchback; 	Jeep	Very Good	Other	290	Battery	4WD	Claret	2023-02-24	2935.34	313246638	user12	2023-08-29	21-4734723	user21	
R37ZLRN60JE207579	V50	2010	sturdy side impact beams; 	Volvo	Fair	Convertible	198	Battery	4WD	Maroon	2022-10-26	8175.37	054035983	user16				
R6R71GALMQ1265516	SL550	2007	convertible; supernew catalytic converter; 	Mercedes-Benz	Fair	SUV	434	Gas	RWD	White	2023-05-26	4539.38	70-9793936	user25	2023-07-16	70-9793936	user24	
R8FUQRGVB58128190	COUPE	2004	good gear; 	Maserati	Rough	Other	213	Fuel Cell	AWD	Black	2022-11-18	2007.03	79-5119692	user13	2023-08-18	991726229	user03	
RANYR1X34OF225773	MP4-12C	2013	engine displacement; can be used as sports car; great engine; 	McLaren	Good	Convertible	193	Gas	4WD	Claret	2023-03-30	3479.97	455741327	user13	2023-07-10	057287433	user03	
REE0QD38MTO546272	ACCENT	2008	crankcase; 	Hyundai	Fair	Minivan	224	Gas	AWD	Red	2023-07-25	9252.75	544995534	user05				
RHQUA4U5I4H058567	EVORA	2014	normally aspirated; 	Lotus	Good	SUV	374	Hybrid	4WD	Rust	2023-06-16	4739.50	320036149	user18	2023-08-16	304363016	user07	
RLL75KB2SDL503399	ES350	2009	good piston; 	Lexus	Very Good	Coupe	235	Gas	AWD	Maroon	2022-08-31	6455.45	054035983	user19	2023-01-22	120721705	user06	
RPC2H6BY7ZQ931559	PALIO	2007		FIAT	Very Good	Truck	265	Gas	RWD	Yellow	2023-05-22	7453.21	793767722	user04	2023-06-15	433383100	user07	
RUKBZJNR8XM010336	GALLARDO	2009	Automotive Service Excellence (ASE); 	Lamborghini	Rough	SUV	401	Battery	RWD	Aluminum,Copper,Silver	2022-10-14	4940.49	860279746	user08				
RX7XUXNSLCL779670	GENESIS	2009	small spark plug gap; 	Hyundai	Very Good	SUV	287	Gas	RWD	Beige	2023-05-20	4565.48	602353949	user08				
RYBSBTRHY1H130438	S40	2003	oversteer; 	Volvo	Excellent	Truck	303	Battery	RWD	Green	2022-08-12	2647.34	395812025	user10	2023-01-20	599886321	user06	
S1Y5SHJQJLB119100	COOPER PACEMAN	2015	good gear; 	MINI	Good	Coupe	380	Gas	FWD	Aluminum,Tan	2023-06-30	5090.04	520448132	user08	2023-07-29	33-5130589	user06	
S5SJ5HF7FZC976453	RX400H	2008	great rpms; 	Lexus	Excellent	Sedan	151	Natural Gas	AWD	Gray	2022-11-12	4270.30	738035265	user08				
S6T5UW8NRJC744394	FE-SP	2002	autotachometer; 	Mitsubishi	Fair	Convertible	182	Plugin Hybrid	RWD	Silver	2022-10-18	1669.55	544995534	user22	2022-12-11	104732900	user21	
SAKWG05B4LX635123	GALANT	2004		Mitsubishi	Rough	Other	70	Gas	RWD	Aluminum	2023-07-01	3566.90	753604797	user05				
SCZ0DFEFBT4123366	VENZA	2013	gap; 	Toyota	Rough	Truck	290	Gas	AWD	Bronze	2023-04-16	4635.26	96-4836555	user08	2023-06-01	389895757	user20	
SKDCO0W4BH5158630	E300	2015	minivan; 	Mercedes-Benz	Fair	Convertible	185	Gas	AWD	Turquoise	2023-04-08	4997.63	626713653	user22				
SSMWDGWS05Z520145	SPRINTER 2500	2005	modern dashboard; hatchback; 	Dodge	Good	Other	295	Gas	RWD	Gray	2022-11-13	9536.47	42-1408737	user18	2023-04-19	89-6612313	user07	
SST5NYL6RZG831918	DAKOTA	2012	anti-lock brake system (ABS); 	Ram	Very Good	Coupe	283	Gas	AWD	Turquoise	2022-10-16	3973.84	654675987	user04	2022-11-03	045285165	user15	
SYVHZOGUR0Z818178	IMPALA	2005	station wagon (Also known as wagon.); 	Chevrolet	Fair	Truck	317	Gas	RWD	Tan	2022-12-26	2639.40	287742980	user23	2023-04-20	17-6541203	user21	
SZGR47XHNTE801950	ALTIMA	2011	air filtration system; 	Nissan	Rough	Sedan	182	Gas	RWD	Gold	2023-03-30	3801.34	477487143	user05	2023-04-04	704063252	user24	
SZO84JB2HVG098562	PRIUS	2002		Toyota	Fair	Coupe	262	Gas	FWD	Red	2023-08-07	2156.56	102844434	owner	2023-08-11	890097344	user21	
T6JE2RS5HUM089772	F-150	2008		Ford	Very Good	Coupe	205	Gas	AWD	Silver	2022-12-12	7122.94	948800760	user08	2023-07-03	832718521	user21	
T8ZYDJCVSBZ305579	CL600	2008	high volume cylinder; front wheel drive; hydraulic brakes; 	Mercedes-Benz	Fair	SUV	282	Gas	AWD	Navy	2023-01-16	8128.38	617846443	user12	2023-08-29	113989044	user11	
TCC06SUVGMB437046	XK	2013	safe oil ring; 	Jaguar	Fair	Other	234	Gas	4WD	Copper	2022-12-27	6601.75	856152797	user12	2023-07-09	71-0834705	user15	
TJQJ55RQI0H014163	MULSANNE	2015	can be used as sports car; 	Bentley	Rough	Truck	310	Hybrid	4WD	Gray	2023-07-13	5043.93	428941013	user13	2023-07-17	631092260	user15	
TMLBG4XMS2E940098	ES9 FUTURE	2023	great rpms; 	Nio	Good	Sedan	146	Hybrid	AWD	Orange	2023-05-20	16227.51	770241172	user23				
TS0FIULENAG000396	S	2013	good piston; superturbocharger; normally aspirated; 	Tesla	Very Good	Truck	270	Battery	RWD	Silver	2023-02-28	19143.11	567152735	user23				
TXTT5RIP3RV876994	EV	2021	unibody construction; 	XPeng	Good	Sedan	190	Battery	AWD	Aluminum	2023-07-01	9985.48	602353949	owner	2023-07-18	79-5119692	user06	
U17OFSXHSEM503736	GIULIETTA	2014	unibody construction; 	Alfa Romeo	Good	Coupe	306	Gas	AWD	Black	2022-12-16	3645.14	110533013	user19	2022-12-28	737467507	user06	
UBTL1IWABB8760167	G37	2008	can be used as sports car; 	INFINITI	Excellent	SUV	270	Gas	RWD	Claret	2023-04-29	3457.79	815705661	user10	2023-05-13	753604797	user06	
UECR61IVAYH064778	A4	2003	front axle assembly; 	Audi	Very Good	Sedan	145	Gas	RWD	Purple	2023-03-31	1288.46	459230738	user08	2023-08-02	356797231	user21	
UFBGRLQ5VHI756367	GS-6 PROS	2023	electronic transmission; 	Karma	Fair	Minivan	184	Gas	RWD	Metallic	2022-09-19	28019.05	921747121	user13	2023-02-23	282876123	user24	
UO6KJ65V1KO984814	GRAND CHEROKEE	2014		Jeep	Excellent	Other	85	Gas	AWD	Black	2022-10-02	9777.56	165324829	user16	2023-05-24	96-4836555	owner	
UPLM5ELF8I6791396	Q50	2014	power train; 	INFINITI	Rough	Convertible	179	Diesel	AWD	Aluminum	2023-01-20	24938.16	974539916	user08	2023-02-27	045285165	user14	
UROQG6S7T2M111436	CITY-COUPE	2004		smart	Rough	Truck	349	Gas	AWD	Blue	2023-08-03	2814.52	161600194	user13	2023-08-14	15-7059236	user03	
UUAML2S80CA861300	L200	2014	air filtration system; innovative air bags; 	Mitsubishi	Rough	SUV	433	Gas	AWD	Rust	2023-06-16	12193.21	89-6612313	user25	2023-08-18	575751736	user24	
V4FC2PCIIFP457795	GS-6	2023	all passive safety features; four-wheel drive; active safety features; 	Karma	Excellent	Sedan	204	Battery	4WD	Copper,Pink,White	2023-07-02	12223.51	618075000	user02	2023-08-18	313577507	user11	
VBMS3KE5ODR707703	WRANGLER	2012	supernew catalytic converter; 	Jeep	Fair	Truck	256	Plugin Hybrid	RWD	Tan	2022-08-26	6606.58	379751710	user25				
VIM64SCRZAW355712	A8 QUATTRO	2011	very hard struts; drum brake; drive shaft; 	Audi	Very Good	Convertible	185	Gas	4WD	Cream	2022-07-05	3821.88	25-9301749	user22	2022-08-19	786458224	user15	
VKIHPHJ3C4P828776	Q70	2014		INFINITI	Rough	Truck	314	Gas	4WD	Silver	2023-05-15	17274.95	329699896	user12				
VOKGSMA74EZ148991	GT	2007	best possible traction; 	Alfa Romeo	Good	Sedan	104	Plugin Hybrid	4WD	Aluminum	2023-06-04	8021.46	36-8698992	user18				
VYPRV5PC07K888007	GRAND CHEROKEE	2013	autotachometer; 	Jeep	Good	Minivan	235	Gas	4WD	Metallic,White	2023-05-29	9365.27	329699896	user18	2023-06-26	45-3401741	owner	
W51BNA7K2XN285084	QUATTROPORTE	2010	electronic transmission; 	Maserati	Excellent	SUV	401	Battery	AWD	Rose	2023-02-16	11584.80	72-4659020	user23	2023-04-25	057287433	user06	
WD6PXYON0WN116340	FORESTER	2011	best radiator; wide cam; 	Subaru	Good	Convertible	197	Gas	RWD	Rose	2023-01-27	3979.17	54-0450340	user08	2023-03-23	509845808	owner	
WN7Q6ZTFZ15317302	SUBURBAN 2500	2004	coupe; 	Chevrolet	Rough	Sedan	117	Gas	RWD	Red	2022-07-15	2434.77	320036149	user16				
WVHB7F4NOZA643269	MURCIELAGO	2009	safe oil ring; gap; 	Lamborghini	Excellent	Coupe	261	Hybrid	RWD	Aluminum	2022-07-13	13262.38	207200160	owner	2023-02-01	102270141	user07	
WX0FPQC6EB2942468	MKT	2010	best sedan; 	Lincoln	Good	Other	283	Fuel Cell	4WD	Aluminum,Orange,Yellow	2023-03-04	14613.21	83-2744154	user13				
X6247MJHOOE348387	CONTINENTAL	2003	strong muffler; 	Bentley	Good	Minivan	197	Battery	AWD	Blue,Metallic,Rust	2022-11-29	2656.83	991726229	user04	2022-12-19	018813678	user21	
X6WRPVFAHHO956037	CLASICO	2011	high torque; 	Volkswagen	Rough	Truck	280	Gas	AWD	Gray,Green	2023-02-07	5171.42	124211511	user25	2023-08-14	433383100	user21	
XAH1ZZICK0H241287	FORTWO	2014	best sedan; 	smart	Excellent	Convertible	150	Gas	AWD	White	2022-11-03	8719.28	923198492	user04	2023-01-30	70-9793936	user06	
XI71LZF7WD7752134	E300	2008		Mercedes-Benz	Fair	Coupe	380	Gas	4WD	Beige	2023-04-11	3865.77	437076551	user22	2023-06-29	445469254	user07	
XNPAKASNCLL688769	MP4-12C	2012	front wheel drive; wide cam; high torque; 	McLaren	Fair	Convertible	162	Gas	RWD	Red	2023-04-06	3487.25	888163974	user22	2023-08-23	520448132	user06	
XYKMLG8XUUP344979	COUNTRYMAN	2011	automatic valves; 	MINI	Good	SUV	382	Gas	RWD	Copper	2023-05-25	6344.45	445469254	user16	2023-05-29	509845808	user21	
XZD3ODDZSHN568131	S80	2010	super new ignition system; 	Volvo	Rough	Sedan	136	Plugin Hybrid	AWD	Copper	2022-08-15	17263.40	183424694	owner	2023-01-14	888163974	user14	
XZMC0PWRZ2E475596	A6 QUATTRO	2014	supernew catalytic converter; 	Audi	Excellent	Truck	280	Gas	RWD	Rust	2022-08-02	5192.96	984173706	user12	2023-01-05	33-5130589	user15	
Y5ZUOWR3L4K578258	EOS	2008		Volkswagen	Good	SUV	411	Gas	FWD	Metallic	2022-10-06	5465.44	596463500	user10				
Y8RSG1IZHE0319499	LACROSSE	2011	oversteer; 	Buick	Rough	Coupe	375	Gas	AWD	Silver	2022-09-12	12231.36	54-0450340	user10	2023-03-27	70-9793936	user21	
YADEPAQA7YM798643	S	2014		Tesla	Excellent	SUV	285	Plugin Hybrid	FWD	Turquoise	2023-07-18	19773.41	90-7498092	user05	2023-08-13	26-2580786	user06	
YH4QLI6I7PF517070	W5500HD TILTMASTER	2005	great stabilizer bar; 	Chevrolet	Rough	Other	323	Diesel	RWD	Gray	2023-04-10	8375.81	602353949	user25	2023-05-14	49-8387551	user24	
YIBPMS54I5D804708	FREELANDER	2005	hatchback; 	Land Rover	Very Good	SUV	296	Hybrid	4WD	Black	2022-08-14	5805.53	245644421	user18	2023-06-24	003604289	user20	
YJWCDTAOP2Z769432	G6	2022	wide transaxle; 	XPeng	Excellent	Other	134	Hybrid	RWD	Beige	2022-11-24	18415.26	395812025	user18				
YO5VJKDIIH2781767	R1T TOMORROW	2023		Rivian	Fair	Truck	260	Plugin Hybrid	AWD	Rust	2023-03-14	27379.20	759290409	user12				
YVF56XDKAW4733570	SHARAN	2003		Volkswagen	Rough	Other	328	Gas	AWD	Cream	2022-12-30	3747.01	356797231	user05				
YXLTW4UDO4P879868	CX-9	2015	anti-lock brake system (ABS); best oil pump; active safety features; 	MAZDA	Very Good	Other	242	Hybrid	RWD	Rose	2023-04-06	7417.80	853004996	user13	2023-07-20	974539916	user20	
Z0XH5SZL8DE182621	P1	2014	pickup; anti-lock brake system (ABS); 	McLaren	Rough	Other	208	Hybrid	RWD	Green,Tan	2023-02-03	9008.66	520448132	user12	2023-06-19	39-5236833	user11	
Z8OB1ZI0ID1801113	GLA200	2015	best oil pump; 	Mercedes-Benz	Rough	Convertible	172	Diesel	RWD	Metallic	2022-08-19	6865.77	592787851	user16				
ZAGVUEDJVDC289276	ELISE	2010		Lotus	Very Good	SUV	328	Gas	RWD	Beige	2023-07-21	11829.36	96-4836555	user08	2023-08-20	91-1547193	user21	
ZANB7GHQNUL143822	E-450 SUPER DUTY	2008	sturdy rear axle assembly; 	Ford	Rough	Sedan	128	Battery	AWD	Brown	2023-05-31	11106.40	045285165	user19				
ZT5DFBQIT8M015828	X	2015	best possible traction; 	Tesla	Fair	Minivan	240	Gas	RWD	Brown	2023-07-12	6585.31	477487143	user08				
ZVJ5RNJBJ5I318290	GRANTURISMO	2014	check the Monroney sticker - theer is nothing better than this vehicle; 	Maserati	Rough	Coupe	326	Gas	4WD	Beige,Yellow	2023-04-11	5119.68	296814584	user22				
