vendor_name	phone	street	city	state	postal_code
Betasoloin	0479582087	5867 11-street	Fort Worth	TX	45549	
Codehow	5183055511	5244 7-street	Detroit	MI	09260	
Domzoom	3564119703	4486 3-street	North Las Vegas	CA	44648	
Finjob	4475344571	4519 10-street	Virginia Beach	GA	69058	
Ganjaflex	4991234441	623 9-street	Dallas	TX	90215	
Golddex	5942855024	7317 12-street	Denver	CO	29497	
Green-Plus	1322285202	5694 5-street	Long Beach	MO	35457	
Hottechi	4497203193	1554 10-street	Lexington-Fayette	PA	34459	
Kan-code	2775406209	3269 8-street	St. Paul	OH	26245	
Kinnamplus	3265218814	2623 14-street	North Las Vegas	CA	64235	
Konmatfix	1960879893	8830 8-street	Fresno	CA	78475	
Labdrill	6785538106	2651 13-street	Riverside	TX	20534	
Newex	6297306621	7914 2-street	San Diego	CA	20142	
Openlane	9467893595	1273 11-street	Boise City	VA	30148	
Plussunin	5499781676	47 5-street	Baltimore	OK	17650	
Rantouch	7173442484	1363 17-street	Toledo	NC	24125	
Scotfind	1874351888	6095 7-street	Indianapolis	IN	65027	
Sunnamplex	6390739582	1276 17-street	Raleigh	FL	42074	
Xx-holding	5387228375	9659 6-street	New York	NY	11759	
Zathunicon	0510798799	7343 12-street	Miami	CA	27627	
